District,State,Census 2011 Code,Male Population,Female Population,Total Population,Event,Exposure,Sensitivity,Adaptive Capacity,Vulnerability Score,Vulnerability Index,Vulnerability
Adilabad,TELANGANA,532,1369597,1371642,2741239,Flood & Drought,0.160,0.690,0.320,0.345,0.145,Low
Agra,UTTAR PRADESH,146,2364953,2053844,4418797,Drought,0.680,0.690,0.480,0.978,0.560,High
Ahmadabad,GUJARAT,474,3788051,3426174,7214225,Flood & Drought,0.930,0.750,0.540,1.292,0.543,High
Ahmadnagar,MAHARASHTRA,522,2342825,2200334,4543159,Drought,0.960,0.650,0.440,1.418,0.813,Very High
Aizawl,MIZORAM,283,199270,201039,400309,Flood,0.000,1.000,0.510,0.000,0.000,Very Low
Ajmer,RAJASTHAN,119,1324085,1258967,2583052,Drought,0.960,0.330,0.440,0.720,0.413,High
Akola,MAHARASHTRA,501,932334,881572,1813906,Drought,0.680,0.700,0.520,0.915,0.525,High
Alappuzha,KERALA,598,1013142,1114647,2127789,Flood & Drought,0.280,0.630,0.500,0.353,0.148,Low
Aligarh,UTTAR PRADESH,143,1951996,1721893,3673889,Flood & Drought,0.160,0.840,0.480,0.280,0.118,Low
Alirajpur,MADHYA PRADESH,465,362542,366457,728999,,,,,,,
Allahabad,UTTAR PRADESH,175,3131807,2822584,5954391,Flood & Drought,0.040,0.620,0.490,0.051,0.021,Low
Almora,UTTARAKHAND,64,291081,331425,622506,,,,,,,
Alwar,RAJASTHAN,104,1939026,1735153,3674179,Drought,0.000,0.630,0.540,0.000,0.000,Very Low
Ambala,HARYANA,70,598703,529647,1128350,Flood,0.000,0.790,0.380,0.000,0.000,Very Low
Ambedkar Nagar,UTTAR PRADESH,178,1212410,1185478,2397888,Flood & Drought,0.040,0.710,0.340,0.084,0.035,Low
Amravati,MAHARASHTRA,503,1480768,1407677,2888445,Flood & Drought,0.450,0.780,0.420,0.836,0.351,Moderate
Amreli,GUJARAT,480,771049,743141,1514190,Drought,0.410,0.580,0.360,0.661,0.379,Moderate
Amritsar,PUNJAB,49,1318408,1172248,2490656,,,,,,,
Anand,GUJARAT,482,1087224,1005521,2092745,Flood,0.280,0.280,0.380,0.609,0.242,Moderate
Anantapur,ANDHRA PRADESH,553,2064495,2016653,4081148,Flood & Drought,0.740,0.630,0.330,1.413,0.594,High
Anantnag,JAMMU AND KASHMIR,14,559767,518925,1078692,Flood,0.470,0.990,0.570,0.478,0.190,Low
Anjaw,ARUNACHAL PRADESH,260,11507,9660,21167,,,,,,,
Anugul,ODISHA,384,655718,618103,1273821,Flood,0.000,0.970,0.440,0.000,0.000,Very Low
Anuppur,MADHYA PRADESH,461,379114,370123,749237,Drought,0.000,0.280,0.450,0.000,0.000,Very Low
Araria,BIHAR,209,1463333,1348236,2811569,Flood,0.700,0.980,0.300,2.287,0.907,Very High
Ariyalur,TAMIL NADU,616,374703,380191,754894,Drought,0.410,0.310,0.320,0.397,0.228,Moderate
Arwal,BIHAR,240,363497,337346,700843,Drought & Cyclone,0.000,0.820,0.320,0.000,0.000,Very Low
Ashoknagar,MADHYA PRADESH,459,443837,401234,845071,Drought,0.410,0.390,0.460,0.348,0.199,Low
Auraiya,UTTAR PRADESH,162,740040,639505,1379545,Flood & Drought,0.570,0.810,0.380,1.215,0.511,High
Aurangabad,BIHAR,235,1924469,1776813,3701282,Flood & Drought,0.740,0.810,0.520,1.153,0.485,High
Aurangabad *,MAHARASHTRA,515,1318684,1221389,2540073,,,,,,,
Azamgarh,UTTAR PRADESH,191,2285004,2328909,4613913,Flood & Drought,0.280,0.730,0.350,0.584,0.246,Moderate
Badgam,JAMMU AND KASHMIR,2,398041,355704,753745,,,,,,,
Bagalkot,KARNATAKA,556,950111,939641,1889752,Flood & Drought,0.740,0.770,0.470,1.212,0.510,High
Bageshwar,UTTARAKHAND,63,124326,135572,259898,,,,,,,
Baghpat,UTTAR PRADESH,139,700070,602978,1303048,,,,,,,
Bahraich,UTTAR PRADESH,180,1843884,1643847,3487731,Flood,0.280,0.910,0.410,0.593,0.235,Moderate
Baksa,ASSAM,324,481330,468745,950075,,,,,,,
Balaghat,MADHYA PRADESH,457,842178,859520,1701698,Flood & Drought,0.000,0.660,0.470,0.000,0.000,Very Low
Balangir,ODISHA,393,830097,818900,1648997,Flood & Drought,0.000,0.660,0.470,0.000,0.000,Very Low
Baleshwar,ODISHA,377,1185787,1134742,2320529,"Flood, Drought & Cyclone",0.675,0.910,0.480,1.280,0.548,High
Ballia,UTTAR PRADESH,193,1672902,1566872,3239774,Flood & Drought,0.570,0.710,0.490,0.826,0.347,Moderate
Balrampur,UTTAR PRADESH,182,1114721,1033944,2148665,Flood & Drought,0.160,0.690,0.390,0.283,0.119,Low
Banas Kantha,GUJARAT,469,1610379,1510127,3120506,Flood & Drought,0.450,0.840,0.470,0.804,0.338,Moderate
Banda,UTTAR PRADESH,170,965876,833534,1799410,Flood & Drought,0.280,0.680,0.350,0.544,0.229,Moderate
Bandipore,JAMMU AND KASHMIR,9,207680,184552,392232,Flood,0.280,0.460,0.520,0.000,0.000,Very Low
Bangalore,KARNATAKA,583,5022661,4598890,9621551,Drought,0.760,0.350,0.430,0.619,0.355,Moderate
Bangalore Rural,KARNATAKA,572,509172,481751,990923,Drought,0.820,0.300,0.440,0.559,0.320,Moderate
Banka,BIHAR,225,1067140,967623,2034763,Flood & Cyclone,0.610,0.770,0.320,1.468,0.934,Very High
Bankura,WEST BENGAL,339,1838095,1758579,3596674,Flood & Drought,0.040,0.770,0.510,0.060,0.025,Low
Banswara,RAJASTHAN,125,907754,889731,1797485,Drought,0.760,0.630,0.390,1.228,0.704,Very High
Bara Banki,UTTAR PRADESH,176,1707073,1553626,3260699,Flood,0.810,0.860,0.440,1.699,0.674,Very High
Baramula,JAMMU AND KASHMIR,8,534733,473306,1008039,,,,,,,
Baran,RAJASTHAN,128,633945,588810,1222755,Drought,0.000,0.480,0.460,0.000,0.000,Very Low
Barddhaman,WEST BENGAL,335,3966889,3750674,7717563,Flood,0.280,0.760,0.580,0.546,0.217,Moderate
Bareilly,UTTAR PRADESH,150,2357665,2090694,4448359,Drought,0.000,0.550,0.450,0.000,0.000,Very Low
Bargarh,ODISHA,370,749161,732094,1481255,,,,,,,
Barmer,RAJASTHAN,115,1369022,1234729,2603751,Drought,0.990,0.570,0.450,1.254,0.719,Very High
Barnala,PUNJAB,54,317522,278005,595527,,,,,,,
Barpeta,ASSAM,303,867004,826618,1693622,Flood & Drought,0.970,0.740,0.450,1.595,0.671,Very High
Barwani,MADHYA PRADESH,441,699340,686541,1385881,,,,,,,
Bastar,CHHATTISGARH,414,698487,714712,1413199,,,,,,,
Basti,UTTAR PRADESH,185,1255272,1209192,2464464,Drought,0.000,0.450,0.320,0.000,0.000,Very Low
Bathinda,PUNJAB,46,743197,645328,1388525,,,,,,,
Baudh,ODISHA,391,221625,219537,441162,,,,,,,
Begusarai,BIHAR,222,1567660,1402881,2970541,"Flood, Drought & Cyclone",0.250,0.840,0.330,0.636,0.273,Moderate
Belgaum,KARNATAKA,555,2423063,2356598,4779661,Flood & Drought,0.570,0.750,0.530,0.807,0.339,Moderate
Bellary,KARNATAKA,565,1236954,1215641,2452595,Drought,0.820,0.370,0.480,0.632,0.362,Moderate
Betul,MADHYA PRADESH,447,799236,776126,1575362,,,,,,,
Bhadrak,ODISHA,378,760260,746077,1506337,"Flood, Drought & Cyclone",0.650,0.800,0.470,1.106,0.474,High
Bhagalpur,BIHAR,224,1615663,1422103,3037766,"Flood, Drought & Cyclone",0.400,0.880,0.340,1.035,0.444,High
Bhandara,MAHARASHTRA,506,605520,594814,1200334,Drought,0.000,0.520,0.370,0.000,0.000,Very Low
Bharatpur,RAJASTHAN,105,1355726,1192736,2548462,,,,,,,
Bharuch,GUJARAT,488,805707,745312,1551019,Flood & Drought,0.160,0.640,0.520,0.197,0.083,Low
Bhavnagar,GUJARAT,481,1490201,1390164,2880365,"Flood, Drought & Cyclone",0.150,0.860,0.510,0.253,0.108,Low
Bhilwara,RAJASTHAN,122,1220736,1187787,2408523,Drought,0.960,0.290,0.450,0.619,0.355,Moderate
Bhind,MADHYA PRADESH,420,926843,776162,1703005,Drought,0.410,0.310,0.520,0.244,0.140,Low
Bhiwani,HARYANA,81,866672,767773,1634445,Drought,0.000,0.460,0.370,0.000,0.000,Very Low
Bhojpur,BIHAR,231,1430380,1298027,2728407,"Flood, Drought & Cyclone",0.150,0.870,0.350,0.373,0.160,Low
Bhopal,MADHYA PRADESH,444,1236130,1134931,2371061,Flood,0.700,0.930,0.370,1.477,0.586,High
Bid,MAHARASHTRA,523,1349106,1235943,2585049,Drought,0.820,0.580,0.550,0.865,0.496,High
Bidar,KARNATAKA,558,870665,832635,1703300,Drought,0.930,0.480,0.480,0.930,0.533,High
Bijapur,CHHATTISGARH,417,1111022,1066309,2177331,Flood & Drought,0.930,0.660,0.380,1.615,0.679,Very High
Bijapur,KARNATAKA,557,128663,126567,255230,,,,,,,
Bijnor,UTTAR PRADESH,134,1921215,1761498,3682713,Drought,0.820,0.620,0.370,1.374,0.788,Very High
Bikaner,RAJASTHAN,101,1240801,1123136,2363937,Drought,0.000,0.690,0.500,0.000,0.000,Very Low
Bilaspur,CHHATTISGARH,406,1351574,1312055,2663629,Flood & Drought,0.160,0.560,0.470,0.191,0.080,Low
Bilaspur,HIMACHAL PRADESH,30,192764,189192,381956,,,,,,,
Birbhum,WEST BENGAL,334,1790920,1711484,3502404,Flood,0.000,0.730,0.440,0.000,0.000,Very Low
Bishnupur,MANIPUR,275,118782,118617,237399,Flood,0.590,0.890,0.460,1.094,0.434,High
Bokaro,JHARKHAND,355,1072807,989523,2062330,Drought,0.410,0.330,0.350,0.387,0.222,Moderate
Bongaigaon,ASSAM,319,375818,362986,738804,Flood,0.810,0.870,0.410,1.759,0.698,Very High
Budaun,UTTAR PRADESH,149,1967759,1714137,3681896,Flood & Drought,0.040,0.780,0.430,0.073,0.031,Low
Bulandshahr,UTTAR PRADESH,142,1845260,1653911,3499171,Drought,0.410,0.620,0.360,0.706,0.405,Moderate
Buldana,MAHARASHTRA,500,1337560,1248698,2586258,Drought,0.820,0.650,0.440,1.211,0.694,Very High
Bundi,RAJASTHAN,121,577160,533746,1110906,Drought,0.000,0.370,0.430,0.000,0.000,Very Low
Burhanpur,MADHYA PRADESH,467,388504,369343,757847,Drought,0.000,0.560,0.440,0.000,0.000,Very Low
Buxar,BIHAR,232,887977,818375,1706352,"Flood, Drought & Cyclone",0.025,0.900,0.340,0.066,0.028,Low
Cachar,ASSAM,316,886284,850333,1736617,Flood & Drought,0.960,0.610,0.500,1.171,0.492,High
Central Delhi,DELHI,95,307821,274499,582320,,,,,,,
Chamba,HIMACHAL PRADESH,23,261320,257760,519080,,,,,,,
Chamoli,UTTARAKHAND,57,193991,197614,391605,,,,,,,
Champawat,UTTARAKHAND,65,131125,128523,259648,,,,,,,
Champhai,MIZORAM,284,63388,62357,125745,,,,,,,
Chamrajnagar,KARNATAKA,578,512231,508560,1020791,Drought,0.820,0.360,0.380,0.777,0.445,High
Chandauli,UTTAR PRADESH,196,1017905,934851,1952756,Flood,0.000,0.490,0.350,0.000,0.000,Very Low
Chandel,MANIPUR,280,74579,69603,144182,Flood,0.280,0.280,0.460,0.231,0.092,Low
Chandigarh,CHANDIGARH,55,580663,474787,1055450,Flood,0.000,0.790,0.480,0.000,0.000,Very Low
Chandrapur,MAHARASHTRA,509,1123834,1080473,2204307,Drought,0.410,0.500,0.520,0.394,0.226,Moderate
Changlang,ARUNACHAL PRADESH,253,76948,71278,148226,,,,,,,
Chatra,JHARKHAND,347,533935,508951,1042886,Flood & Drought,0.000,0.300,0.320,0.000,0.000,Very Low
Chennai,TAMIL NADU,603,2335844,2310888,4646732,Flood & Cyclone,1.000,0.690,0.450,1.533,0.976,Very High
Chhatarpur,MADHYA PRADESH,425,936121,826254,1762375,Flood & Drought,0.280,0.660,0.480,0.385,0.162,Low
Chhindwara,MADHYA PRADESH,455,1064468,1026454,2090922,,,,,,,
Chikkaballapura,KARNATAKA,582,636437,618667,1255104,Drought,0.820,0.290,0.490,0.485,0.278,Moderate
Chikmagalur,KARNATAKA,570,566622,571339,1137961,Flood,0.000,0.990,0.490,0.000,0.000,Very Low
Chirang,ASSAM,320,244860,237302,482162,Flood,0.280,0.930,0.390,0.566,0.225,Moderate
Chitradurga,KARNATAKA,566,840843,818613,1659456,Flood,0.700,0.860,0.490,1.103,0.438,High
Chitrakoot,UTTAR PRADESH,171,527721,464009,991730,Drought,0.410,0.290,0.440,0.270,0.155,Low
Chittaurgarh,RAJASTHAN,126,783171,761167,1544338,Drought,0.760,0.260,0.450,0.439,0.252,Moderate
Chittoor,ANDHRA PRADESH,554,2090204,2083860,4174064,Flood,0.810,1.000,0.510,1.341,0.532,High
Churachandpur,MANIPUR,274,138820,135323,274143,,,,,,,
Churu,RAJASTHAN,102,1051446,988101,2039547,Flood,0.870,0.910,0.460,1.225,0.486,High
Coimbatore,TAMIL NADU,632,1729297,1728748,3458045,Flood & Drought,0.160,0.620,0.410,0.242,0.102,Low
Cuddalore,TAMIL NADU,617,1311697,1294217,2605914,Flood & Drought,0.740,0.610,0.430,1.050,0.441,High
Cuttack,ODISHA,381,1352760,1271710,2624470,"Flood, Drought & Cyclone",0.750,0.590,0.530,0.835,0.358,Moderate
Dadra and Nagar Haveli,THE DADRA AND NAGAR HAVELI AND DAMAN AND DIU,496,193760,149949,343709,,,,,,,
Dakshin Dinajpur,WEST BENGAL,331,857199,819077,1676276,,,,,,,
Dakshina Kannada,KARNATAKA,575,1034714,1054935,2089649,"Flood, Drought & Cyclone",0.250,1.000,0.450,0.556,0.238,Moderate
Daman,THE DADRA AND NAGAR HAVELI AND DAMAN AND DIU,495,124659,66514,191173,,,,,,,
Damoh,MADHYA PRADESH,428,661873,602346,1264219,Flood & Drought,0.280,0.480,0.480,0.280,0.118,Low
Dantewada,CHHATTISGARH,416,264142,269496,533638,,,,,,,
Darbhanga,BIHAR,215,2059949,1877436,3937385,"Flood, Drought & Cyclone",0.925,0.810,0.350,2.141,0.917,Very High
Darjiling,WEST BENGAL,327,937259,909564,1846823,Flood,0.700,0.860,0.520,1.080,0.428,High
Darrang,ASSAM,325,475273,453227,928500,Flood & Drought,0.960,0.800,0.380,2.021,0.850,Very High
Datia,MADHYA PRADESH,422,420157,366597,786754,Drought,0.000,0.100,0.490,0.000,0.000,Very Low
Dausa,RAJASTHAN,109,857787,776622,1634409,Drought,0.000,0.250,0.470,0.000,0.000,Very Low
Davanagere,KARNATAKA,567,986400,959097,1945497,Drought,0.820,0.000,0.440,0.000,0.000,Very Low
Debagarh,JHARKHAND,350,158230,154290,312520,,,,,,,
Dehradun,UTTARAKHAND,60,892199,804495,1696694,,,,,,,
Deoghar,ODISHA,373,775022,717051,1492073,Drought,0.000,0.470,0.480,0.000,0.000,Very Low
Deoria,UTTAR PRADESH,190,1537436,1563510,3100946,Flood & Drought,0.450,0.330,0.440,0.338,0.142,Low
Dewas,MADHYA PRADESH,437,805359,758356,1563715,Drought,0.410,0.610,0.470,0.532,0.305,Moderate
Dhalai,TRIPURA,291,194544,183686,378230,Flood,0.000,0.910,0.450,0.000,0.000,Very Low
Dhamtari,CHHATTISGARH,412,397897,401884,799781,Drought,0.000,0.260,0.420,0.000,0.000,Very Low
Dhanbad,JHARKHAND,354,1405956,1278531,2684487,Drought,0.000,0.290,0.510,0.000,0.000,Very Low
Dhar,MADHYA PRADESH,438,1112725,1073068,2185793,Drought,0.000,0.580,0.430,0.000,0.000,Very Low
Dharmapuri,TAMIL NADU,630,774303,732540,1506843,Drought,0.000,0.430,0.340,0.000,0.000,Very Low
Dharwad,KARNATAKA,562,937206,909817,1847023,Flood & Drought,0.740,0.710,0.500,1.051,0.442,High
Dhaulpur,RAJASTHAN,106,653647,552869,1206516,,,,,,,
Dhemaji,ASSAM,308,351249,334884,686133,Flood,0.980,0.900,0.350,2.520,1.000,Very High
Dhenkanal,ODISHA,383,612593,580218,1192811,Drought & Cyclone,0.000,0.650,0.440,0.000,0.000,Very Low
Dhubri,ASSAM,301,997848,951410,1949258,Flood,0.980,0.880,0.430,2.006,0.796,Very High
Dhule,MAHARASHTRA,498,1054031,996831,2050862,Drought,0.820,0.750,0.480,1.281,0.734,Very High
Dibang Valley,ARUNACHAL PRADESH,257,4414,3590,8004,,,,,,,
Dibrugarh,ASSAM,310,676434,649901,1326335,Flood,0.950,0.980,0.440,1.994,0.791,Very High
Dima Hasao,ASSAM,315,110802,103300,214102,,,,,,,
Dimapur,NAGALAND,265,197394,181417,378811,Flood,0.470,0.420,0.530,0.637,0.253,Moderate
Dindigul,TAMIL NADU,612,1080938,1078837,2159775,Drought,0.410,0.190,0.480,0.162,0.093,Low
Dindori,MADHYA PRADESH,453,351913,352611,704524,Drought,0.000,0.410,0.440,0.000,0.000,Very Low
Diu,THE DADRA AND NAGAR HAVELI AND DAMAN AND DIU,494,25642,26432,52074,,,,,,,
Doda,JAMMU AND KASHMIR,16,213641,196295,409936,Flood,0.700,0.760,0.560,0.862,0.342,Moderate
Dohad,GUJARAT,485,1068651,1058435,2127086,,,,,,,
Dumka,JHARKHAND,362,668514,652928,1321442,Drought,0.760,0.210,0.460,0.347,0.199,Low
Dungarpur,RAJASTHAN,124,696532,692020,1388552,Drought,0.000,0.380,0.390,0.000,0.000,Very Low
Durg,CHHATTISGARH,409,1682101,1661771,3343872,Drought,0.000,0.320,0.460,0.000,0.000,Very Low
East Delhi,DELHI,93,907500,801846,1709346,,,,,,,
East Garo Hills,MEGHALAYA,294,161223,156694,317917,,,,,,,
East Godavari,ANDHRA PRADESH,545,2569688,2584608,5154296,"Flood, Drought & Cyclone",0.750,0.330,0.520,0.476,0.204,Low
East Kameng,ARUNACHAL PRADESH,247,38775,39915,78690,,,,,,,
East Khasi Hills,MEGHALAYA,298,410749,415173,825922,,,,,,,
East Nimar,MADHYA PRADESH,466,674329,635732,1310061,Drought,0.410,0.250,0.460,0.223,0.128,Low
East Siang,ARUNACHAL PRADESH,251,50116,49098,99214,Flood,0.900,0.940,0.400,1.400,0.556,High
East Sikkim,SIKKIM,244,151432,132151,283583,,,,,,,
Ernakulam,KERALA,595,1619557,1662831,3282388,Flood & Drought,0.740,0.650,0.530,0.908,0.382,Moderate
Erode,TAMIL NADU,610,1129868,1121876,2251744,Drought,0.410,0.450,0.420,0.439,0.252,Moderate
Etah,UTTAR PRADESH,201,947339,827141,1774480,Drought,0.680,0.240,0.360,0.453,0.260,Moderate
Etawah,UTTAR PRADESH,161,845856,735954,1581810,Drought,0.410,0.540,0.380,0.583,0.334,Moderate
Faizabad,UTTAR PRADESH,177,1259628,1211368,2470996,Flood & Drought,0.160,0.840,0.440,0.305,0.128,Low
Faridabad,HARYANA,88,966110,843623,1809733,,,,,,,
Faridkot,PUNJAB,45,326671,290837,617508,,,,,,,
Farrukhabad,UTTAR PRADESH,159,1006240,878964,1885204,Drought,0.410,0.430,0.460,0.383,0.220,Moderate
Fatehabad,HARYANA,78,495360,446651,942011,,,,,,,
Fatehgarh Sahib,PUNJAB,40,320795,279368,600163,,,,,,,
Fatehpur,UTTAR PRADESH,172,1384722,1248011,2632733,Drought,0.410,0.550,0.350,0.644,0.369,Moderate
Firozabad,UTTAR PRADESH,147,1332046,1166110,2498156,Drought,0.000,0.560,0.470,0.000,0.000,Very Low
Firozpur,PUNJAB,43,1071637,957437,2029074,,,,,,,
Gadag,KARNATAKA,561,537147,527423,1064570,Flood & Drought,0.630,0.830,0.490,1.067,0.449,High
Gajapati,ODISHA,389,282882,294935,577817,"Flood, Drought & Cyclone",0.875,0.960,0.360,2.333,1.000,Very High
Ganderbal,JAMMU AND KASHMIR,11,158720,138726,297446,,,,,,,
Gandhinagar,GUJARAT,473,723864,667889,1391753,Drought,0.680,0.120,0.500,0.163,0.094,Low
Ganganagar,RAJASTHAN,99,1043340,925828,1969168,,,,,,,
Ganjam,ODISHA,388,1779218,1749813,3529031,"Flood, Drought & Cyclone",0.875,0.920,0.470,1.713,0.734,Very High
Garhchiroli,MAHARASHTRA,508,541328,531614,1072942,Drought,0.680,0.390,0.480,0.553,0.317,Moderate
Garhwa,JHARKHAND,346,683575,639209,1322784,Drought,0.000,0.270,0.320,0.000,0.000,Very Low
Gautam Buddha Nagar,UTTAR PRADESH,141,890214,757901,1648115,Drought,0.000,0.540,0.520,0.000,0.000,Very Low
Gaya,BIHAR,236,2266566,2124852,4391418,Drought,0.410,0.140,0.360,0.159,0.091,Low
Ghaziabad,UTTAR PRADESH,140,2488834,2192811,4681645,Flood & Drought,0.570,0.810,0.480,0.962,0.404,Moderate
Ghazipur,UTTAR PRADESH,195,1855075,1765193,3620268,Flood & Drought,0.040,0.680,0.370,0.074,0.031,Low
Giridih,JHARKHAND,349,1258098,1187376,2445474,Drought,0.410,0.360,0.350,0.422,0.242,Moderate
Goalpara,ASSAM,302,513292,494891,1008183,Flood & Drought,0.860,0.860,0.420,1.761,0.740,Very High
Godda,JHARKHAND,351,677927,635624,1313551,Drought,0.000,0.370,0.310,0.000,0.000,Very Low
Golaghat,ASSAM,313,543161,523727,1066888,Flood,0.940,0.870,0.440,1.878,0.745,Very High
Gonda,UTTAR PRADESH,183,1787146,1646773,3433919,,,,,,,
Gondiya,MAHARASHTRA,507,661554,660953,1322507,Drought,0.410,0.420,0.460,0.374,0.215,Moderate
Gopalganj,BIHAR,217,1267666,1294346,2562012,Flood,0.470,0.850,0.320,1.214,0.482,High
Gorakhpur,UTTAR PRADESH,188,2277777,2163118,4440895,Flood,0.590,0.850,0.470,0.999,0.396,Moderate
Gulbarga,KARNATAKA,579,1301755,1264571,2566326,Drought,0.930,0.610,0.470,1.207,0.692,Very High
Gumla,JHARKHAND,366,514390,510823,1025213,Drought,0.000,0.370,0.320,0.000,0.000,Very Low
Guna,MADHYA PRADESH,458,649362,592157,1241519,Drought,0.000,0.440,0.440,0.000,0.000,Very Low
Guntur,ANDHRA PRADESH,548,2440521,2447292,4887813,"Flood, Drought & Cyclone",0.700,0.840,0.420,1.400,0.600,High
Gurdaspur,PUNJAB,35,1212617,1085706,2298323,,,,,,,
Gurgaon,HARYANA,86,816690,697742,1514432,Drought,0.000,0.720,0.520,0.000,0.000,Very Low
Gwalior,MADHYA PRADESH,421,1090327,941709,2032036,Drought,0.000,0.320,0.510,0.000,0.000,Very Low
Hailakandi,ASSAM,318,337890,321406,659296,Flood,0.280,0.920,0.420,0.560,0.222,Moderate
Hamirpur,HIMACHAL PRADESH,28,593537,510748,1104285,Flood & Drought,0.450,0.680,0.560,0.546,0.230,Moderate
Hamirpur,UTTAR PRADESH,168,217070,237698,454768,,,,,,,
Hanumangarh,RAJASTHAN,100,931184,843508,1774692,Drought,0.000,0.560,0.480,0.000,0.000,Very Low
Haora,WEST BENGAL,341,2500819,2349210,4850029,,,,,,,
Harda,MADHYA PRADESH,448,294838,275627,570465,,,,,,,
Hardoi,UTTAR PRADESH,155,2191442,1901403,4092845,Drought,0.680,0.490,0.360,0.926,0.531,High
Hardwar,UTTARAKHAND,68,1005295,885127,1890422,Flood,0.000,0.790,0.500,0.000,0.000,Very Low
Hassan,KARNATAKA,574,883667,892754,1776421,Drought,0.820,0.460,0.510,0.740,0.424,High
Haveri,KARNATAKA,564,819128,778540,1597668,Drought,0.760,0.330,0.520,0.482,0.276,Moderate
Hazaribagh,JHARKHAND,360,890881,843614,1734495,Drought,0.000,0.340,0.480,0.000,0.000,Very Low
Hingoli,MAHARASHTRA,512,606294,571051,1177345,Drought,0.760,0.520,0.370,1.068,0.612,Very High
Hisar,HARYANA,80,931562,812369,1743931,Drought,0.000,0.300,0.520,0.000,0.000,Very Low
Hoshangabad,MADHYA PRADESH,449,648725,592625,1241350,,,,,,,
Hoshiarpur,PUNJAB,38,809057,777568,1586625,,,,,,,
Hugli,WEST BENGAL,338,2814653,2704492,5519145,Flood,0.590,0.930,0.480,0.998,0.396,Moderate
Hyderabad,TELANGANA,536,2018575,1924748,3943323,"Flood, Drought & Cyclone",0.350,0.930,0.510,0.638,0.274,Moderate
Idukki,KERALA,596,552808,556166,1108974,Flood & Drought,0.450,0.790,0.520,0.684,0.287,Moderate
Imphal East,MANIPUR,278,226094,230019,456113,Flood & Cyclone,0.720,1.000,0.490,1.469,0.935,Very High
Imphal West,MANIPUR,277,255054,262938,517992,Flood,0.590,0.930,0.530,0.635,0.252,Moderate
Indore,MADHYA PRADESH,439,1699627,1577070,3276697,Drought,0.000,0.520,0.500,0.000,0.000,Very Low
Jabalpur,MADHYA PRADESH,451,1277278,1186011,2463289,Flood & Drought,0.040,0.490,0.510,0.038,0.016,Low
Jagatsinghapur,ODISHA,380,577865,559106,1136971,Flood & Cyclone,0.830,0.840,0.560,1.245,0.792,Very High
Jaintia Hills,MEGHALAYA,299,196285,198839,395124,,,,,,,
Jaipur,RAJASTHAN,110,3468507,3157671,6626178,Drought,0.760,0.530,0.550,0.732,0.420,High
Jaisalmer,RAJASTHAN,114,361708,308211,669919,Drought,0.990,0.690,0.420,1.626,0.932,Very High
Jajapur,ODISHA,382,926034,901158,1827192,Flood,0.280,0.790,0.520,0.442,0.176,Low
Jalandhar,PUNJAB,37,1145211,1048379,2193590,,,,,,,
Jalaun,UTTAR PRADESH,165,906092,783882,1689974,Drought,0.820,0.490,0.370,1.086,0.622,Very High
Jalgaon,MAHARASHTRA,499,2197365,2032552,4229917,Flood & Drought,0.630,0.970,0.420,1.455,0.612,Very High
Jalna,MAHARASHTRA,514,1011473,947573,1959046,Drought,0.410,0.650,0.480,0.555,0.318,Moderate
Jalor,RAJASTHAN,116,936634,892096,1828730,Drought & Cyclone,0.818,1.000,0.420,1.948,0.857,Very High
Jalpaiguri,WEST BENGAL,328,1983064,1889782,3872846,Flood,0.470,0.920,0.450,0.920,0.365,Moderate
Jammu,JAMMU AND KASHMIR,21,813821,716137,1529958,Flood & Cyclone,0.170,0.600,0.580,0.176,0.112,Low
Jamnagar,GUJARAT,477,1114192,1045927,2160119,"Flood, Drought & Cyclone",0.400,0.840,0.430,0.781,0.335,Moderate
Jamtara,JHARKHAND,363,404830,386212,791042,Drought,0.000,0.410,0.320,0.000,0.000,Very Low
Jamui,BIHAR,238,916064,844341,1760405,Drought,0.000,0.270,0.320,0.000,0.000,Very Low
Janjgir-champa,CHHATTISGARH,405,815717,803990,1619707,Drought,0.000,0.330,0.490,0.000,0.000,Very Low
Jashpur,CHHATTISGARH,402,424747,426922,851669,,,,,,,
Jaunpur,UTTAR PRADESH,194,2220465,2273739,4494204,Drought,0.680,0.450,0.460,0.665,0.381,Moderate
Jehanabad,BIHAR,239,585582,539731,1125313,Drought,0.000,0.320,0.330,0.000,0.000,Very Low
Jhabua,MADHYA PRADESH,464,515023,510025,1025048,Drought,0.000,0.610,0.380,0.000,0.000,Very Low
Jhajjar,HARYANA,83,514667,443738,958405,,,,,,,
Jhalawar,RAJASTHAN,129,725143,685986,1411129,Drought,0.000,0.500,0.450,0.000,0.000,Very Low
Jhansi,UTTAR PRADESH,166,1057436,941167,1998603,Drought,0.680,0.510,0.470,0.738,0.423,High
Jharsuguda,ODISHA,371,296690,282815,579505,,,,,,,
Jhunjhunun,RAJASTHAN,103,1095896,1041149,2137045,Drought,0.820,0.730,0.500,1.197,0.686,Very High
Jind,HARYANA,77,713006,621146,1334152,,,,,,,
Jodhpur,RAJASTHAN,113,1923928,1763237,3687165,Drought,0.990,0.730,0.480,1.506,0.863,Very High
Jorhat,ASSAM,312,556805,535451,1092256,Flood,0.930,0.880,0.490,1.670,0.663,Very High
Junagadh,GUJARAT,479,1404356,1338726,2743082,Drought & Cyclone,1.000,0.340,0.440,0.773,0.340,Moderate
Jyotiba Phule Nagar,UTTAR PRADESH,137,963449,876772,1840221,Drought,0.000,0.520,0.440,0.000,0.000,Very Low
Kabeerdham,CHHATTISGARH,407,412058,410468,822526,Drought,0.000,0.370,0.300,0.000,0.000,Very Low
Kachchh,GUJARAT,468,1096737,995634,2092371,"Flood, Drought & Cyclone",0.375,0.970,0.440,0.827,0.354,Moderate
Kaimur,BIHAR,233,847006,779378,1626384,,,,,,,
Kaithal,HARYANA,73,571003,503301,1074304,,,,,,,
Kalahandi,ODISHA,395,787101,789768,1576869,Flood & Drought,0.040,0.700,0.300,0.093,0.039,Low
Kamrup,ASSAM,321,778461,739081,1517542,Flood,0.590,0.890,0.440,1.113,0.441,High
Kamrup Metropolitan,ASSAM,322,647585,606353,1253938,,,,,,,
Kancheepuram,TAMIL NADU,604,2012958,1985294,3998252,Flood,0.000,0.720,0.400,0.000,0.000,Very Low
Kandhamal,ODISHA,390,359945,373165,733110,Flood,0.000,0.570,0.310,0.000,0.000,Very Low
Kangra,HIMACHAL PRADESH,24,750591,759484,1510075,Flood,0.700,0.950,0.560,0.992,0.394,Moderate
Kanker,CHHATTISGARH,413,373338,375603,748941,,,,,,,
Kannauj,UTTAR PRADESH,160,881776,774840,1656616,Drought,0.000,0.350,0.360,0.000,0.000,Very Low
Kanniyakumari,TAMIL NADU,629,926345,944029,1870374,"Flood, Drought & Cyclone",0.025,0.770,0.460,0.042,0.018,Low
Kannur,KERALA,589,1181446,1341557,2523003,"Flood, Drought & Cyclone",0.100,0.980,0.490,0.200,0.086,Low
Kanpur Dehat,UTTAR PRADESH,163,963255,832929,1796184,Flood & Drought,0.280,0.580,0.380,0.427,0.180,Low
Kanpur Nagar,UTTAR PRADESH,164,2459806,2121462,4581268,Drought,0.410,0.430,0.390,0.452,0.259,Moderate
Kanshiram Nagar,UTTAR PRADESH,202,764165,672554,1436719,,,,,,,
Kapurthala,PUNJAB,36,426311,388857,815168,,,,,,,
Karaikal,PUDUCHERRY,637,97809,102413,200222,,,,,,,
Karauli,RAJASTHAN,107,783639,674609,1458248,,,,,,,
Karbi Anglong,ASSAM,314,490167,466146,956313,Flood,0.780,0.860,0.400,1.837,0.729,Very High
Kargil,LADAKH,4,77785,63017,140802,,,,,,,
Karimganj,ASSAM,317,625864,602822,1228686,Flood,0.910,0.930,0.470,1.366,0.542,High
Karimnagar,TELANGANA,534,1880800,1895469,3776269,Flood & Drought,0.740,0.000,0.330,0.000,0.000,Very Low
Karnal,HARYANA,74,797712,707612,1505324,Flood,0.280,0.220,0.500,0.270,0.107,Low
Karur,TAMIL NADU,613,528184,536309,1064493,Drought,0.410,0.540,0.420,0.527,0.302,Moderate
Kasaragod,KERALA,588,628613,678762,1307375,Flood & Drought,0.280,0.890,0.460,0.542,0.228,Moderate
Kathua,JAMMU AND KASHMIR,7,326109,290326,616435,,,,,,,
Katihar,BIHAR,212,1600430,1470599,3071029,Flood & Drought,0.450,0.500,0.300,0.750,0.315,Moderate
Katni,MADHYA PRADESH,450,662013,630029,1292042,Flood,0.000,0.000,0.480,0.000,0.000,Very Low
Kaushambi,UTTAR PRADESH,174,838485,761111,1599596,Drought,0.410,0.340,0.320,0.436,0.250,Moderate
Kendrapara,ODISHA,379,717814,722547,1440361,Flood & Cyclone,0.610,0.760,0.540,0.859,0.546,High
Kendujhar,ODISHA,375,906487,895246,1801733,,,,,,,
Khagaria,BIHAR,223,883786,783100,1666886,Flood,0.780,0.990,0.310,2.294,0.910,Very High
Khamman,TELANGANA,541,1390988,1406382,2797370,Flood & Drought,0.450,0.740,0.140,2.379,1.000,Very High
Kheda,GUJARAT,483,1185727,1114158,2299885,Flood & Drought,0.160,0.740,0.460,0.257,0.108,Low
Kheri,UTTAR PRADESH,153,2123187,1898056,4021243,Flood,0.280,0.890,0.470,0.479,0.190,Low
Khordha,ODISHA,386,1167137,1084536,2251673,"Flood, Drought & Cyclone",0.950,0.900,0.480,1.781,0.763,Very High
Khunti,JHARKHAND,365,266335,265550,531885,,,,,,,
Kinnaur,HIMACHAL PRADESH,34,46249,37872,84121,Flood,0.700,0.800,0.530,1.000,0.397,Moderate
Kiphire,NAGALAND,269,37830,36174,74004,Flood,0.470,0.930,0.400,0.950,0.377,Moderate
Kishanganj,BIHAR,210,866970,823430,1690400,Flood,0.870,0.680,0.290,1.317,0.522,High
Kishtwar,JAMMU AND KASHMIR,18,120165,110531,230696,,,,,,,
Koch Bihar,WEST BENGAL,329,1451542,1367544,2819086,,,,,,,
Kodagu,KARNATAKA,576,274608,279911,554519,Flood & Drought,0.040,0.010,0.490,0.001,0.000,Low
Kodarma,JHARKHAND,348,367222,349037,716259,Drought,0.000,0.360,0.330,0.000,0.000,Very Low
Kohima,NAGALAND,270,138966,129022,267988,,,,,,,
Kokrajhar,ASSAM,300,452905,434237,887142,Flood,0.000,0.860,0.390,0.000,0.000,Very Low
Kolar,KARNATAKA,581,776396,760005,1536401,Drought,0.930,0.190,0.510,0.346,0.199,Low
Kolasib,MIZORAM,282,42918,41037,83955,,,,,,,
Kolhapur,MAHARASHTRA,530,1980658,1895343,3876001,Drought,0.000,0.510,0.510,0.000,0.000,Very Low
Kolkata,WEST BENGAL,342,2356766,2139928,4496694,Flood & Cyclone,0.060,0.550,0.470,0.070,0.045,Low
Kollam,KERALA,600,1246968,1388407,2635375,Flood & Drought,0.450,0.630,0.330,0.859,0.361,Moderate
Koppal,KARNATAKA,560,699926,689994,1389920,Flood & Drought,0.740,0.840,0.460,1.351,0.568,High
Koraput,ODISHA,398,678809,700838,1379647,Flood & Cyclone,0.440,0.500,0.360,0.611,0.389,Moderate
Korba,CHHATTISGARH,404,612915,593725,1206640,Drought,0.000,0.100,0.460,0.000,0.000,Very Low
Koriya,CHHATTISGARH,400,334737,324180,658917,Drought,0.000,0.150,0.470,0.000,0.000,Very Low
Kota,RAJASTHAN,127,1021161,929853,1951014,Drought,0.000,0.500,0.460,0.000,0.000,Very Low
Kottayam,KERALA,597,968289,1006262,1974551,Flood & Drought,0.160,0.620,0.440,0.225,0.095,Low
Kozhikode,KERALA,591,1470942,1615351,3086293,"Flood, Drought & Cyclone",0.150,0.990,0.490,0.303,0.130,Low
Krishna,ANDHRA PRADESH,547,2267375,2250023,4517398,"Flood, Drought & Cyclone",0.850,0.700,0.450,1.322,0.567,High
Krishnagiri,TAMIL NADU,631,960232,919577,1879809,Drought,0.410,0.230,0.350,0.269,0.154,Low
Kulgam,JAMMU AND KASHMIR,15,217620,206863,424483,Flood,0.280,0.970,0.460,0.494,0.196,Low
Kullu,HIMACHAL PRADESH,26,225452,212451,437903,Flood & Drought,0.890,0.600,0.500,1.068,0.449,High
Kupwara,JAMMU AND KASHMIR,1,474190,396164,870354,Flood,0.590,0.960,0.320,1.767,0.701,Very High
Kurnool,ANDHRA PRADESH,552,2039227,2014236,4053463,Flood & Drought,0.740,0.290,0.470,0.457,0.192,Low
Kurukshetra,HARYANA,72,510976,453679,964655,Drought,0.410,0.070,0.510,0.056,0.032,Low
Kurung Kumey,ARUNACHAL PRADESH,256,45318,46758,92076,,,,,,,
Kushinagar,UTTAR PRADESH,189,1818055,1746489,3564544,Flood & Drought,0.890,0.700,0.470,1.326,0.557,High
Lahul & Spiti,HIMACHAL PRADESH,25,16588,14976,31564,Flood,0.590,0.940,0.480,0.627,0.249,Moderate
Lakhimpur,ASSAM,307,529674,512463,1042137,Flood,0.950,0.870,0.410,2.189,0.869,Very High
Lakhisarai,BIHAR,227,526345,474567,1000912,Flood & Drought,0.040,0.110,0.320,0.014,0.006,Low
Lakshadweep,LAKSHADWEEP,587,33123,31350,64473,,,,,,,
Lalitpur,UTTAR PRADESH,167,641011,580581,1221592,Drought,0.000,0.200,0.320,0.000,0.000,Very Low
Latehar,JHARKHAND,359,369666,357312,726978,Drought,0.000,0.340,0.300,0.000,0.000,Very Low
Latur,MAHARASHTRA,524,1273140,1181056,2454196,Drought,0.820,0.420,0.500,0.689,0.395,Moderate
Lawngtlai,MIZORAM,287,60599,57295,117894,,,,,,,
Leh (ladakh),LADAKH,3,78971,54516,133487,Flood,0.000,0.940,0.600,0.000,0.000,Very Low
Lohardaga,JHARKHAND,356,232629,229161,461790,Drought,0.000,0.180,0.310,0.000,0.000,Very Low
Lohit,ARUNACHAL PRADESH,259,76221,69505,145726,Flood,0.000,0.080,0.330,0.000,0.000,Very Low
Longleng,NAGALAND,268,26502,23982,50484,,,,,,,
Lower Dibang Valley,ARUNACHAL PRADESH,258,28053,26027,54080,,,,,,,
Lower Subansiri,ARUNACHAL PRADESH,255,41843,41187,83030,,,,,,,
Lucknow,UTTAR PRADESH,157,2394476,2195362,4589838,Drought,0.000,0.370,0.370,0.000,0.000,Very Low
Ludhiana,PUNJAB,41,1867816,1630923,3498739,,,,,,,
Lunglei,MIZORAM,286,82891,78537,161428,,,,,,,
Madhepura,BIHAR,213,1047559,954203,2001762,Flood & Drought,0.860,0.750,0.290,2.224,0.935,Very High
Madhubani,BIHAR,207,2329313,2158066,4487379,Flood & Drought,1.000,0.440,0.450,0.978,0.411,High
Madurai,TAMIL NADU,623,1526475,1511777,3038252,Flood & Drought,0.280,0.800,0.380,0.589,0.248,Moderate
Mahamaya Nagar,UTTAR PRADESH,144,836127,728581,1564708,,,,,,,
Maharajganj,UTTAR PRADESH,187,1381754,1302949,2684703,Drought,0.000,0.370,0.440,0.000,0.000,Very Low
Mahasamund,CHHATTISGARH,411,511967,520787,1032754,Drought,0.000,0.480,0.470,0.000,0.000,Very Low
Mahbubnagar,TELANGANA,538,2050386,2002642,4053028,Flood & Drought,0.630,1.000,0.320,1.969,0.828,Very High
Mahe,PUDUCHERRY,636,19143,22673,41816,,,,,,,
Mahendragarh,HARYANA,84,486665,435423,922088,Drought,0.000,0.460,0.370,0.000,0.000,Very Low
Mahesana,GUJARAT,471,1056520,978544,2035064,Flood & Drought,0.570,0.700,0.530,0.753,0.317,Moderate
Mahoba,UTTAR PRADESH,169,466358,409600,875958,Drought,0.410,0.320,0.330,0.398,0.228,Moderate
Mainpuri,UTTAR PRADESH,148,993377,875152,1868529,Drought,0.680,0.350,0.490,0.486,0.278,Moderate
Malappuram,KERALA,592,1960328,2152592,4112920,"Flood, Drought & Cyclone",0.000,0.890,0.440,0.000,0.000,Very Low
Maldah,WEST BENGAL,332,2051541,1937304,3988845,Flood,0.470,0.860,0.470,0.651,0.258,Moderate
Malkangiri,ODISHA,399,303624,309568,613192,Flood,0.000,0.680,0.340,0.000,0.000,Very Low
Mamit,MIZORAM,281,44828,41536,86364,,,,,,,
Mandi,HIMACHAL PRADESH,27,498065,501712,999777,Flood,0.590,0.510,0.520,0.965,0.383,Moderate
Mandla,MADHYA PRADESH,454,525272,529633,1054905,Flood,0.000,0.520,0.460,0.000,0.000,Very Low
Mandsaur,MADHYA PRADESH,433,682851,657560,1340411,,,,,,,
Mandya,KARNATAKA,573,905085,900684,1805769,Drought,0.820,0.380,0.540,0.577,0.331,Moderate
Mansa,PUNJAB,47,408732,361019,769751,,,,,,,
Marigaon,ASSAM,304,486651,470772,957423,Flood & Drought,0.450,0.860,0.380,1.018,0.428,High
Mathura,UTTAR PRADESH,145,1367125,1180059,2547184,Drought,0.410,0.390,0.480,0.333,0.191,Low
Mau,UTTAR PRADESH,192,1114709,1091259,2205968,Drought,0.410,0.440,0.450,0.401,0.230,Moderate
Mayurbhanj,ODISHA,376,1256213,1263525,2519738,,,,,,,
Medak,TELANGANA,535,1523030,1510258,3033288,Flood & Drought,0.280,0.800,0.330,0.679,0.285,Moderate
Meerut,UTTAR PRADESH,138,1825743,1617946,3443689,Drought,0.000,0.380,0.470,0.000,0.000,Very Low
Mewat,HARYANA,87,571162,518101,1089263,,,,,,,
Mirzapur,UTTAR PRADESH,199,1312302,1184668,2496970,Drought,0.410,0.270,0.360,0.308,0.176,Low
Moga,PUNJAB,42,525920,469826,995746,,,,,,,
Mohali,PUNJAB,52,529253,465375,994628,,,,,,,
Mokokchung,NAGALAND,262,101092,93530,194622,,,,,,,
Mon,NAGALAND,261,131753,118507,250260,,,,,,,
Moradabad,UTTAR PRADESH,135,2503186,2268820,4772006,,,,,,,
Morena,MADHYA PRADESH,419,1068417,897553,1965970,Drought,0.410,0.280,0.510,0.225,0.129,Low
Muktsar,PUNJAB,44,475622,426274,901896,,,,,,,
Mumbai,MAHARASHTRA,519,1684608,1400803,3085411,Flood & Cyclone,0.940,0.760,0.620,1.152,0.733,Very High
Mumbai Suburban,MAHARASHTRA,518,5031323,4325639,9356962,,,,,,,
Munger,BIHAR,226,729041,638724,1367765,Flood & Drought,0.450,0.720,0.350,0.926,0.389,Moderate
Murshidabad,WEST BENGAL,333,3627564,3476243,7103807,,,,,,,
Muzaffarnagar,UTTAR PRADESH,133,2193434,1950078,4143512,Flood & Drought,0.280,0.590,0.360,0.459,0.193,Low
Muzaffarpur,BIHAR,216,2527497,2273565,4801062,Flood & Drought,0.740,0.580,0.360,1.192,0.501,High
Mysore,KARNATAKA,577,1511600,1489527,3001127,Drought,0.820,0.520,0.500,0.853,0.489,High
Nabarangapur,ODISHA,397,604812,616134,1220946,,,,,,,
Nadia,WEST BENGAL,336,2653768,2513832,5167600,Flood,0.470,0.960,0.500,0.707,0.281,Moderate
Nagaon,ASSAM,305,1439112,1384656,2823768,Flood & Cyclone,0.830,0.890,0.470,1.572,1.000,Very High
Nagappattinam,TAMIL NADU,618,798127,818323,1616450,"Flood, Drought & Cyclone",0.575,0.700,0.360,1.118,0.479,High
Nagaur,RAJASTHAN,112,1696325,1611418,3307743,Flood & Drought,0.860,0.620,0.470,1.134,0.477,High
Nagpur,MAHARASHTRA,505,2384975,2268595,4653570,Drought,0.680,0.800,0.560,0.971,0.557,High
Nainital,UTTARAKHAND,66,493666,460939,954605,Flood & Drought,0.630,0.570,0.400,0.898,0.377,Moderate
Nalanda,BIHAR,229,1497060,1380593,2877653,Flood & Drought,0.280,0.540,0.330,0.458,0.193,Low
Nalbari,ASSAM,323,396006,375633,771639,Flood & Drought,0.450,0.850,0.440,0.869,0.365,Moderate
Nalgonda,TELANGANA,539,1759772,1729037,3488809,Flood & Drought,0.630,0.480,0.340,0.889,0.374,Moderate
Namakkal,TAMIL NADU,609,869280,857321,1726601,Drought,0.410,0.550,0.420,0.537,0.308,Moderate
Nanded,MAHARASHTRA,511,1730075,1631217,3361292,Drought,0.760,0.460,0.400,0.874,0.501,High
Nandurbar,MAHARASHTRA,497,833170,815125,1648295,Drought,0.760,0.550,0.430,0.972,0.557,High
Narayanpur,CHHATTISGARH,415,70104,69716,139820,Drought,0.000,0.540,0.400,0.000,0.000,Very Low
Narmada,GUJARAT,487,301086,289211,590297,,,,,,,
Narsimhapur,MADHYA PRADESH,452,568810,523044,1091854,,,,,,,
Nashik,MAHARASHTRA,516,3157186,2950001,6107187,Flood & Drought,0.720,0.610,0.570,0.771,0.324,Moderate
Navsari,GUJARAT,490,678165,651507,1329672,Flood & Cyclone,0.000,0.640,0.510,0.000,0.000,Very Low
Nawada,BIHAR,237,1144668,1074478,2219146,Drought,0.000,0.330,0.320,0.000,0.000,Very Low
Nayagarh,ODISHA,385,502636,460153,962789,"Flood, Drought & Cyclone",1.000,0.740,0.450,1.644,0.705,Very High
Neemuch,MADHYA PRADESH,432,422653,403414,826067,,,,,,,
New Delhi,DELHI,94,77942,64062,142004,Flood & Cyclone,0.440,0.630,0.660,0.420,0.267,Moderate
Nicobars,ANDAMAN AND NICOBAR ISLANDS,638,20727,16115,36842,,,,,,,
Nizamabad,TELANGANA,533,1250641,1300694,2551335,Flood & Drought,0.040,0.700,0.300,0.093,0.039,Low
North & Middle Andaman,ANDAMAN AND NICOBAR ISLANDS,639,54861,50736,105597,Cyclone,0.000,1.000,0.380,0.000,0.000,Very Low
North 24 Parganas,WEST BENGAL,337,4173778,3988183,8161961,Flood & Cyclone,0.440,0.870,0.520,0.736,0.468,High
North Delhi,DELHI,91,475002,412976,887978,,,,,,,
North East Delhi,DELHI,92,1188425,1053199,2241624,,,,,,,
North Goa,GOA,585,416677,401331,818008,Flood & Cyclone,0.390,0.000,0.480,0.000,0.000,Very Low
North Sikkim,SIKKIM,241,24730,18979,43709,Flood,0.590,0.970,0.550,0.912,0.362,Moderate
North Tripura,TRIPURA,292,352860,341087,693947,Flood,0.280,0.830,0.430,0.494,0.196,Low
North West Delhi,DELHI,90,1960922,1695617,3656539,,,,,,,
Nuapada,ODISHA,394,301962,308420,610382,Drought,0.000,0.400,0.360,0.000,0.000,Very Low
Osmanabad,MAHARASHTRA,525,861535,796041,1657576,Drought,0.960,0.550,0.510,1.035,0.593,High
Pakur,JHARKHAND,353,452661,447761,900422,,,,,,,
Palakkad,KERALA,593,1359478,1450456,2809934,Drought,0.410,0.560,0.440,0.522,0.299,Moderate
Palamu,JHARKHAND,358,1006302,933567,1939869,Drought,0.000,0.330,0.480,0.000,0.000,Very Low
Pali,RAJASTHAN,118,1025422,1012151,2037573,Drought,0.820,0.400,0.430,0.763,0.437,High
Palwal,HARYANA,89,554497,488211,1042708,,,,,,,
Panchkula,HARYANA,69,299679,261614,561293,,,,,,,
PanchMahal,GUJARAT,484,1226961,1163815,2390776,,,,,,,
Panipat,HARYANA,75,646857,558580,1205437,,,,,,,
Panna,MADHYA PRADESH,426,533480,483040,1016520,Drought,0.680,0.310,0.460,0.458,0.263,Moderate
Papumpare,ARUNACHAL PRADESH,248,89182,87391,176573,,,,,,,
Parbhani,MAHARASHTRA,513,942870,893216,1836086,Drought,0.820,0.430,0.360,0.979,0.561,High
Pashchim Champaran,BIHAR,203,2061110,1873932,3935042,Flood,0.810,0.950,0.330,2.332,0.925,Very High
Pashchim Medinipur,WEST BENGAL,344,3007885,2905572,5913457,Flood & Cyclone,0.720,0.750,0.540,1.000,0.636,Very High
Pashchimi Singhbhum,JHARKHAND,368,749385,752953,1502338,Drought,0.000,0.550,0.320,0.000,0.000,Very Low
Patan,GUJARAT,470,694397,649337,1343734,Flood & Drought,0.280,0.740,0.490,0.423,0.178,Low
Pathanamthitta,KERALA,599,561716,635696,1197412,Flood & Drought,0.740,0.920,0.440,1.547,0.651,Very High
Patiala,PUNJAB,48,1002522,893164,1895686,,,,,,,
Patna,BIHAR,230,3078512,2759953,5838465,Flood & Drought,0.890,0.570,0.390,1.301,0.547,High
Pauri Garhwal,UTTARAKHAND,61,326829,360442,687271,,,,,,,
Perambalur,TAMIL NADU,615,282157,283066,565223,Drought,0.410,0.280,0.320,0.359,0.206,Low
Peren,NAGALAND,271,49714,45505,95219,,,,,,,
Phek,NAGALAND,266,83743,79675,163418,,,,,,,
Pilibhit,UTTAR PRADESH,151,1072002,959005,2031007,Flood & Drought,0.630,0.780,0.330,1.489,0.626,Very High
Pithoragarh,UTTARAKHAND,62,239306,244133,483439,Flood & Drought,0.160,0.700,0.360,0.311,0.131,Low
Porbandar,GUJARAT,478,300209,285240,585449,"Flood, Drought & Cyclone",0.250,0.700,0.490,0.357,0.153,Low
Prakasam,ANDHRA PRADESH,549,1714764,1682684,3397448,"Flood, Drought & Cyclone",0.475,0.390,0.430,0.431,0.185,Low
Pratapgarh,RAJASTHAN,131,437744,430104,867848,Drought,0.410,0.430,0.380,0.464,0.266,Moderate
Pratapgarh *,UTTAR PRADESH,173,1606085,1603056,3209141,,,,,,,
Puducherry,PUDUCHERRY,635,468258,482031,950289,Flood,0.470,0.360,0.480,0.664,0.263,Moderate
Pudukkottai,TAMIL NADU,621,803188,815157,1618345,"Flood, Drought & Cyclone",0.025,0.000,0.420,0.000,0.000,Very Low
Pulwama,JAMMU AND KASHMIR,12,293064,267376,560440,,,,,,,
Punch,JAMMU AND KASHMIR,5,251899,224936,476835,,,,,,,
Pune,MAHARASHTRA,521,4924105,4505303,9429408,Flood & Drought,0.740,0.790,0.630,0.928,0.390,Moderate
Purba Champaran,BIHAR,204,2681209,2418162,5099371,Flood & Cyclone,0.110,0.750,0.490,0.168,0.107,Low
Purba Medinipur,WEST BENGAL,345,2629834,2466041,5095875,,,,,,,
Purbi Singhbhum,JHARKHAND,357,1176902,1117017,2293919,,,,,,,
Puri,ODISHA,387,865380,833350,1698730,"Flood, Drought & Cyclone",1.000,0.700,0.530,1.321,0.566,High
Purnia,BIHAR,211,1699370,1565249,3264619,Flood,0.590,0.970,0.290,1.892,0.751,Very High
Puruliya,WEST BENGAL,340,1496996,1433119,2930115,Flood,0.000,0.910,0.520,0.000,0.000,Very Low
Rae Bareli,UTTAR PRADESH,158,1752542,1653017,3405559,Drought,0.000,0.300,0.350,0.000,0.000,Very Low
Raichur,KARNATAKA,559,964511,964301,1928812,Flood & Drought,0.570,0.710,0.430,0.941,0.396,Moderate
Raigarh,MAHARASHTRA,520,750278,743706,1493984,Drought,0.410,0.490,0.490,0.410,0.235,Moderate
Raigarh *,CHHATTISGARH,403,1344345,1289855,2634200,,,,,,,
Raipur,CHHATTISGARH,410,2048186,2015686,4063872,Drought,0.000,0.320,0.530,0.000,0.000,Very Low
Raisen,MADHYA PRADESH,446,700358,631239,1331597,Drought,0.000,0.450,0.500,0.000,0.000,Very Low
Rajgarh,MADHYA PRADESH,442,790212,755602,1545814,,,,,,,
Rajkot,GUJARAT,476,1974445,1830113,3804558,"Flood, Drought & Cyclone",0.625,0.880,0.540,1.019,0.437,High
Rajnandgaon,CHHATTISGARH,408,762855,774278,1537133,Drought,0.000,0.460,0.430,0.000,0.000,Very Low
Rajouri,JAMMU AND KASHMIR,6,345351,297064,642415,Flood,0.810,0.910,0.550,1.202,0.477,High
Rajsamand,RAJASTHAN,123,581339,575258,1156597,Drought,0.960,0.140,0.420,0.320,0.183,Low
Ramanagara,KARNATAKA,584,548008,534628,1082636,Drought,0.820,0.540,0.480,0.923,0.529,High
Ramanathapuram,TAMIL NADU,626,682658,670787,1353445,"Flood, Drought & Cyclone",0.100,0.700,0.490,0.143,0.061,Low
Ramban,JAMMU AND KASHMIR,17,149132,134581,283713,,,,,,,
Ramgarh,JHARKHAND,361,494230,455213,949443,Drought & Cyclone,0.000,0.690,0.340,0.000,0.000,Very Low
Rampur,UTTAR PRADESH,136,1223889,1111930,2335819,Drought,0.410,0.260,0.300,0.355,0.204,Low
Ranchi,JHARKHAND,364,1494937,1419316,2914253,Drought,0.000,0.460,0.370,0.000,0.000,Very Low
Rangareddy,TELANGANA,537,2701008,2595733,5296741,Flood & Drought,0.630,0.190,0.370,0.324,0.136,Low
Ratlam,MADHYA PRADESH,434,738241,716828,1455069,Drought,0.410,0.580,0.460,0.517,0.296,Moderate
Ratnagiri,MAHARASHTRA,528,761121,853948,1615069,Flood & Cyclone,0.170,0.890,0.370,0.409,0.260,Moderate
Rayagada,ODISHA,396,471960,495951,967911,Flood,0.280,0.540,0.370,0.601,0.239,Moderate
Reasi,JAMMU AND KASHMIR,20,166461,148206,314667,,,,,,,
Rewa,MADHYA PRADESH,430,1225100,1140006,2365106,Flood & Drought,0.280,0.750,0.500,0.420,0.177,Low
Rewari,HARYANA,85,474335,425997,900332,,,,,,,
Ri Bhoi,MEGHALAYA,297,132531,126309,258840,,,,,,,
Rohtak,HARYANA,82,568479,492725,1061204,Flood & Drought,0.040,0.120,0.380,0.013,0.005,Low
Rohtas,BIHAR,234,1543546,1416372,2959918,Drought & Cyclone,0.545,0.740,0.370,1.090,0.480,High
Rudraprayag,UTTARAKHAND,58,114589,127696,242285,,,,,,,
Rupnagar,PUNJAB,51,357485,327142,684627,,,,,,,
Sabar Kantha,GUJARAT,472,1244231,1184358,2428589,Flood,0.000,0.940,0.540,0.000,0.000,Very Low
Sagar,MADHYA PRADESH,427,1256257,1122201,2378458,Flood & Drought,0.280,0.850,0.510,0.467,0.196,Low
Saharanpur,UTTAR PRADESH,132,1834106,1632276,3466382,Drought,0.410,0.080,0.360,0.091,0.052,Low
Saharsa,BIHAR,214,997174,903487,1900661,"Flood, Drought & Cyclone",0.400,0.850,0.290,1.172,0.502,High
Sahibganj,JHARKHAND,352,589391,561176,1150567,,,,,,,
Saiha,MIZORAM,288,28594,27980,56574,,,,,,,
Salem,TAMIL NADU,608,1781571,1700485,3482056,Drought,0.000,0.480,0.490,0.000,0.000,Very Low
Samastipur,BIHAR,221,2230003,2031563,4261566,Flood & Drought,1.000,0.540,0.340,1.588,0.668,Very High
Samba,JAMMU AND KASHMIR,22,169124,149774,318898,,,,,,,
Sambalpur,ODISHA,372,526877,514222,1041099,Drought & Cyclone,0.000,0.000,0.440,0.000,0.000,Very Low
Sangli,MAHARASHTRA,531,1435728,1386415,2822143,Drought,0.820,1.000,0.470,1.745,1.000,Very High
Sangrur,PUNJAB,53,878029,777140,1655169,,,,,,,
Sant Kabir Nagar,UTTAR PRADESH,186,869656,845527,1715183,Drought,0.000,0.350,0.370,0.000,0.000,Very Low
Sant Ravidas Nagar,UTTAR PRADESH,198,807099,771114,1578213,,,,,,,
Saraikela-kharsawan,JHARKHAND,369,544411,520645,1065056,Drought,0.000,0.260,0.340,0.000,0.000,Very Low
Saran(chhapra),BIHAR,219,2022821,1929041,3951862,Flood & Drought,0.450,0.690,0.340,0.913,0.384,Moderate
Satara,MAHARASHTRA,527,1510842,1492899,3003741,Drought,0.820,0.650,0.570,0.935,0.536,High
Satna,MADHYA PRADESH,429,1157495,1071440,2228935,Flood & Drought,0.160,0.610,0.500,0.195,0.082,Low
Sawai Madhopur,RAJASTHAN,108,704031,631520,1335551,Drought,0.410,0.310,0.470,0.270,0.155,Low
Sehore,MADHYA PRADESH,445,683743,627589,1311332,Drought,0.410,0.430,0.490,0.360,0.206,Low
Senapati,MANIPUR,272,247323,231825,479148,,,,,,,
Seoni,MADHYA PRADESH,456,695879,683252,1379131,,,,,,,
Serchhip,MIZORAM,285,32851,32086,64937,,,,,,,
Shahdol,MADHYA PRADESH,460,540021,526042,1066063,Drought,0.410,0.560,0.450,0.510,0.292,Moderate
Shahid Bhagat Singh Nagar,PUNJAB,39,313291,299019,612310,,,,,,,
Shahjahanpur,UTTAR PRADESH,152,1606403,1400135,3006538,Flood & Drought,0.040,0.580,0.350,0.066,0.028,Low
Shajapur,MADHYA PRADESH,436,780520,732161,1512681,Flood & Drought,0.160,0.410,0.470,0.140,0.059,Low
Sheikhpura,BIHAR,228,329743,306599,636342,"Flood, Drought & Cyclone",0.000,0.700,0.310,0.000,0.000,Very Low
Sheohar,BIHAR,205,346673,309573,656246,"Flood, Drought & Cyclone",0.575,0.860,0.370,1.336,0.573,High
Sheopur,MADHYA PRADESH,418,361784,326077,687861,Drought,0.410,0.510,0.440,0.475,0.272,Moderate
Shimla,HIMACHAL PRADESH,33,425039,388971,814010,Flood,0.280,0.430,0.550,0.251,0.100,Low
Shimoga,KARNATAKA,568,877415,875338,1752753,Flood & Drought,0.280,0.670,0.520,0.361,0.152,Low
Shivpuri,MADHYA PRADESH,423,919795,806255,1726050,Drought,0.410,0.490,0.470,0.427,0.245,Moderate
Shrawasti,UTTAR PRADESH,181,593897,523464,1117361,Flood,0.000,0.810,0.290,0.000,0.000,Very Low
Shupiyan,JAMMU AND KASHMIR,13,136480,129735,266215,,,,,,,
Siddharth Nagar,UTTAR PRADESH,184,1295095,1264202,2559297,Drought,0.000,0.290,0.410,0.000,0.000,Very Low
Sidhi,MADHYA PRADESH,462,575912,551121,1127033,Drought,0.680,0.670,0.460,0.990,0.568,High
Sikar,RAJASTHAN,111,1374990,1302343,2677333,Drought,0.680,0.100,0.490,0.139,0.080,Low
Simdega,JHARKHAND,367,300309,299269,599578,Drought,0.000,0.350,0.320,0.000,0.000,Very Low
Sindhudurg,MAHARASHTRA,529,417332,432319,849651,,,,,,,
Singrauli,MADHYA PRADESH,463,613637,564636,1178273,,,,,,,
Sirmaur,HIMACHAL PRADESH,32,276289,253566,529855,,,,,,,
Sirohi,RAJASTHAN,117,534231,502115,1036346,Drought,0.000,0.430,0.420,0.000,0.000,Very Low
Sirsa,HARYANA,79,682582,612607,1295189,Flood,0.000,0.690,0.480,0.000,0.000,Very Low
Sitamarhi,BIHAR,206,1803252,1620322,3423574,Flood & Drought,0.970,0.710,0.310,2.222,0.934,Very High
Sitapur,UTTAR PRADESH,154,2375264,2108728,4483992,Flood,0.280,0.180,0.480,0.097,0.038,Low
Sivaganga,TAMIL NADU,622,668672,670429,1339101,Drought & Cyclone,0.545,0.140,0.480,0.159,0.070,Low
Sivasagar,ASSAM,311,589216,561834,1151050,Flood & Drought,0.930,0.630,0.510,1.149,0.483,High
Siwan,BIHAR,218,1675090,1655374,3330464,Flood & Drought,0.160,0.810,0.340,0.381,0.160,Low
Solan,HIMACHAL PRADESH,31,308754,271566,580320,,,,,,,
Solapur,MAHARASHTRA,526,2227852,2089904,4317756,Drought,0.820,0.750,0.470,1.309,0.750,Very High
Sonbhadra,UTTAR PRADESH,200,971344,891215,1862559,Drought,0.000,0.440,0.440,0.000,0.000,Very Low
Sonipat,HARYANA,76,781299,668702,1450001,,,,,,,
Sonitpur,ASSAM,306,983904,940206,1924110,Flood,0.910,0.870,0.450,1.786,0.709,Very High
South 24 Parganas,WEST BENGAL,343,4173778,3988183,8161961,Flood,0.000,0.850,0.550,0.000,0.000,Very Low
South Andaman,ANDAMAN AND NICOBAR ISLANDS,640,127283,110859,238142,Cyclone,0.000,0.600,0.380,0.000,0.000,Very Low
South Delhi,DELHI,98,1467428,1264501,2731929,,,,,,,
South Garo Hills,MEGHALAYA,295,73170,69164,142334,Flood,0.000,0.960,0.460,0.000,0.000,Very Low
South Goa,GOA,586,322463,318074,640537,Flood,0.000,0.850,0.330,0.000,0.000,Very Low
South Sikkim,SIKKIM,243,76670,70180,146850,Flood,0.590,0.930,0.550,0.911,0.361,Moderate
South Tripura,TRIPURA,290,447544,428457,876001,,,,,,,
South West Delhi,DELHI,97,1246046,1046912,2292958,,,,,,,
Sri Potti Sriramulu Nellore,ANDHRA PRADESH,550,1492974,1470583,2963557,"Flood, Drought & Cyclone",0.750,0.830,0.500,1.245,0.534,High
Srikakulam,ANDHRA PRADESH,542,1341738,1361376,2703114,"Flood, Drought & Cyclone",0.700,0.480,0.440,0.764,0.327,Moderate
Srinagar,JAMMU AND KASHMIR,10,651124,585705,1236829,Flood & Drought,0.720,0.700,0.560,0.900,0.378,Moderate
Subarnapur,ODISHA,392,311312,298871,610183,,,,,,,
Sultanpur,UTTAR PRADESH,179,1914586,1882531,3797117,Flood & Drought,0.000,0.480,0.460,0.000,0.000,Very Low
Sundargarh,ODISHA,374,1061147,1032290,2093437,Drought & Cyclone,0.363,0.880,0.510,0.626,0.276,Moderate
Supaul,BIHAR,208,1155283,1073793,2229076,Flood,0.000,0.830,0.300,0.000,0.000,Very Low
Surat,GUJARAT,492,3402224,2679098,6081322,Flood & Cyclone,0.170,0.320,0.530,0.103,0.065,Low
Surendranagar,GUJARAT,475,909917,846351,1756268,Flood & Drought,0.860,0.780,0.490,1.369,0.576,High
Surguja,CHHATTISGARH,401,1193129,1166757,2359886,,,,,,,
Tamenglong,MANIPUR,273,72371,68280,140651,,,,,,,
Tapi,GUJARAT,493,402188,404834,807022,,,,,,,
Tarn Taran,PUNJAB,50,589369,530258,1119627,,,,,,,
Tawang,ARUNACHAL PRADESH,245,29151,20826,49977,,,,,,,
Tehri Garhwal,UTTARAKHAND,59,297986,320945,618931,,,,,,,
Thane,MAHARASHTRA,517,5865078,5195070,11060148,Flood & Cyclone,0.170,0.380,0.620,0.104,0.066,Low
Thanjavur,TAMIL NADU,620,1182416,1223474,2405890,"Flood, Drought & Cyclone",0.525,0.810,0.370,1.149,0.493,High
The Dangs,GUJARAT,489,113821,114470,228291,Flood,0.000,0.100,0.470,0.000,0.000,Very Low
The Nilgiris,TAMIL NADU,611,360143,375251,735394,Flood & Drought,0.040,0.400,0.340,0.047,0.020,Low
Theni,TAMIL NADU,624,625683,620216,1245899,Drought & Cyclone,0.363,0.420,0.390,0.391,0.172,Low
Thiruvallur,TAMIL NADU,602,1876062,1852042,3728104,"Flood, Drought & Cyclone",0.250,0.850,0.560,0.379,0.163,Low
Thiruvananthapuram,KERALA,601,1581678,1719749,3301427,Flood & Drought,0.570,0.510,0.510,0.570,0.240,Moderate
Thiruvarur,TAMIL NADU,619,626693,637584,1264277,Drought,0.680,0.070,0.410,0.116,0.067,Low
Thoothukkudi,TAMIL NADU,627,865021,885155,1750176,Flood & Drought,0.890,0.520,0.430,1.076,0.452,High
Thoubal,MANIPUR,276,210845,211323,422168,Flood,0.470,0.910,0.470,0.807,0.320,Moderate
Thrissur,KERALA,594,1480763,1640437,3121200,Flood & Drought,0.450,0.540,0.490,0.496,0.208,Low
Tikamgarh,MADHYA PRADESH,424,760355,684811,1445166,Flood,0.470,0.810,0.460,0.869,0.345,Moderate
Tinsukia,ASSAM,309,680231,647698,1327929,Flood,0.700,0.850,0.470,1.252,0.497,High
Tirap,ARUNACHAL PRADESH,254,57604,54371,111975,,,,,,,
Tiruchirappalli,TAMIL NADU,614,1352284,1370006,2722290,Drought & Cyclone,0.545,0.300,0.460,0.355,0.156,Low
Tirunelveli,TAMIL NADU,628,1520912,1556321,3077233,Flood & Drought,0.890,0.720,0.360,1.780,0.748,Very High
Tiruppur,TAMIL NADU,633,1246159,1232893,2479052,Drought,0.680,0.440,0.360,0.831,0.476,High
Tiruvannamalai,TAMIL NADU,606,1235889,1228986,2464875,Drought,0.410,0.210,0.450,0.191,0.110,Low
Tonk,RAJASTHAN,120,728136,693190,1421326,Drought,0.000,0.310,0.440,0.000,0.000,Very Low
Tuensang,NAGALAND,267,101933,94663,196596,,,,,,,
Tumkur,KARNATAKA,571,1350594,1328386,2678980,Drought,0.930,0.340,0.540,0.586,0.336,Moderate
Udaipur,RAJASTHAN,130,1566801,1501619,3068420,Drought,0.960,0.220,0.480,0.440,0.252,Moderate
Udalguri,ASSAM,326,421617,410051,831668,,,,,,,
Udham Singh Nagar,UTTARAKHAND,67,858783,790119,1648902,,,,,,,
Udhampur,JAMMU AND KASHMIR,19,296784,258201,554985,,,,,,,
Udupi,KARNATAKA,569,562131,615230,1177361,Drought,0.000,0.320,0.480,0.000,0.000,Very Low
Ujjain,MADHYA PRADESH,435,1016289,970575,1986864,Drought,0.000,0.450,0.470,0.000,0.000,Very Low
Ukhrul,MANIPUR,279,94718,89280,183998,,,,,,,
Umaria,MADHYA PRADESH,431,330674,314084,644758,Drought,0.410,0.440,0.450,0.401,0.230,Moderate
Una,HIMACHAL PRADESH,29,263692,257481,521173,,,,,,,
Unnao,UTTAR PRADESH,156,1630087,1478280,3108367,Drought,0.410,0.380,0.360,0.433,0.248,Moderate
Upper Siang,ARUNACHAL PRADESH,252,18699,16621,35320,Flood,0.470,0.950,0.310,0.950,0.377,Moderate
Upper Subansiri,ARUNACHAL PRADESH,249,41758,41690,83448,,,,,,,
Uttar Dinajpur,WEST BENGAL,330,1551066,1456068,3007134,,,,,,,
Uttara Kannada,KARNATAKA,563,726256,710913,1437169,"Flood, Drought & Cyclone",0.150,0.940,0.500,0.282,0.121,Low
Uttarkashi,UTTARAKHAND,56,168597,161489,330086,Flood,0.000,0.220,0.470,0.000,0.000,Very Low
Vadodara,GUJARAT,486,2153736,2011890,4165626,Flood & Drought,0.450,0.190,0.490,0.174,0.073,Low
Vaishali,BIHAR,220,1844535,1650486,3495021,Flood & Drought,0.630,0.680,0.360,1.190,0.500,High
Valsad,GUJARAT,491,887222,818456,1705678,,,,,,,
Varanasi,UTTAR PRADESH,197,1921857,1754984,3676841,Drought,0.000,0.090,0.380,0.000,0.000,Very Low
Vellore,TAMIL NADU,605,1961688,1974643,3936331,Drought,0.410,0.330,0.450,0.301,0.172,Low
Vidisha,MADHYA PRADESH,443,769568,689307,1458875,Drought,0.410,0.500,0.490,0.418,0.240,Moderate
Viluppuram,TAMIL NADU,607,1740819,1718054,3458873,Flood & Drought,0.450,0.630,0.380,0.746,0.314,Moderate
Virudunagar,TAMIL NADU,625,967709,974579,1942288,Drought,0.410,0.540,0.360,0.615,0.353,Moderate
Visakhapatnam,ANDHRA PRADESH,544,2138910,2151679,4290589,"Flood, Drought & Cyclone",0.525,0.790,0.540,0.768,0.329,Moderate
Vizianagaram,ANDHRA PRADESH,543,1161477,1182997,2344474,Drought & Cyclone,0.909,1.000,0.400,2.273,1.000,Very High
Warangal,TELANGANA,540,1759281,1753295,3512576,Flood & Drought,0.280,0.690,0.340,0.568,0.239,Moderate
Wardha,MAHARASHTRA,504,668385,632389,1300774,Flood & Drought,0.280,0.720,0.510,0.395,0.166,Low
Washim,MAHARASHTRA,502,620302,576858,1197160,Drought,0.410,0.520,0.500,0.426,0.244,Moderate
Wayanad,KERALA,590,401684,415736,817420,Drought,0.000,0.360,0.440,0.000,0.000,Very Low
West Delhi,DELHI,96,1356240,1187003,2543243,,,,,,,
West Garo Hills,MEGHALAYA,293,324159,319132,643291,,,,,,,
West Godavari,ANDHRA PRADESH,546,1964918,1972048,3936966,"Flood, Drought & Cyclone",0.750,0.970,0.420,1.732,0.742,Very High
West Kameng,ARUNACHAL PRADESH,246,46155,37792,83947,,,,,,,
West Khasi Hills,MEGHALAYA,296,193715,189746,383461,,,,,,,
West Nimar,MADHYA PRADESH,440,953121,919925,1873046,,,,,,,
West Siang,ARUNACHAL PRADESH,250,58168,54106,112274,Flood & Drought,0.630,0.780,0.330,1.489,0.626,Very High
West Sikkim,SIKKIM,242,70238,66197,136435,,,,,,,
West Tripura,TRIPURA,289,879428,846311,1725739,Flood,1.000,0.510,0.460,1.148,0.455,High
Wokha,NAGALAND,264,84505,81838,166343,,,,,,,
Y.s.r.,ANDHRA PRADESH,551,1451777,1430692,2882469,"Flood, Drought & Cyclone",0.500,0.940,0.490,0.959,0.411,High
Yadgir,KARNATAKA,580,590329,583942,1174271,Drought,0.760,0.510,0.420,0.923,0.529,High
Yamunanagar,HARYANA,71,646718,567487,1214205,Flood,0.780,0.950,0.380,1.797,0.713,Very High
Yanam,PUDUCHERRY,634,27301,28325,55626,Cyclone,0.000,0.000,0.470,0.000,0.000,Very Low
Yavatmal,MAHARASHTRA,510,1419965,1352383,2772348,Drought,0.410,0.270,0.510,0.217,0.124,Low
Zunheboto,NAGALAND,263,71217,69540,140757,,,,,,,